Wall time,Step,Value
1485534572.003559,704,0.8271999955177307
1485534787.663616,1408,0.8199999928474426
1485535009.6922827,2112,0.8428000211715698
