Wall time,Step,Value
1485535488.4583647,704,0.4236640930175781
1485535707.9611428,1408,0.42334938049316406
1485535928.1658719,2112,0.4929778277873993
1485536147.802716,2816,0.49194544553756714
1485536367.417362,3520,0.5605765581130981
1485536587.252546,4224,0.5460734367370605
1485536806.1647072,4928,0.6302921175956726
1485536974.2253299,5632,0.901239812374115
1485537142.4057443,6336,0.8015128374099731
